<?xml version="1.0" encoding="UTF-8"?>
<!DOCTYPE mapper PUBLIC "-//mybatis.org//DTD Mapper 3.0//EN" "http://mybatis.org/dtd/mybatis-3-mapper.dtd">
<mapper namespace="com.example.repository.AuthorMapper">
	<select id="findMany" resultType="Author">
		select id, genre, name,age from author
	</select>
	<select id="findOne" resultMap="author">
		select id, genre, name, age from author where id = #{authorId}
	</select>
	<insert id="insertOne" >
		insert into author(age, genre, name) values(#{author.age}, #{author.genre}, #{author.name})
	</insert>
	<resultMap type="com.example.model.Author"
		id="author">
		<id column="id" property="id" />	
		<result column="age" property="age" />
		<result column="genre" property="genre" />
		<result column="name" property="name" />
	</resultMap>
	<update id="updateOne">
		update author set age = #{author.age}, genre = #{author.genre}, name = #{author.name} where id= #{author.id}
	</update>
	<delete id="deleteOne">
		delete from author where id = #{authorId}
	</delete>
</mapper>