<?xml version="1.0" encoding="UTF-8"?>
<!DOCTYPE mapper PUBLIC "-//mybatis.org//DTD Mapper 3.0//EN" "http://mybatis.org/dtd/mybatis-3-mapper.dtd">
<mapper namespace="com.example.repository.DataMapper">

	<insert id="insertOne">
		insert into item(description, purchase_date, store,
		city, quantity,
		local_currency_amount, exchange_rate)
		values (
		#{item.description}, #{item.purchaseDate}, #{item.store}, #{item.city},
		#{item.quantity},
		#{item.localCurrencyAmount}, #{item.exchangeRate})
	</insert>
	<!-- <select id="findMany" resultMap="item"> select item.item_id as item_item_id, 
		item.description as item_description, item.purchase_date as item_purchase_date, 
		item.store as item_store, item.city as as item_city, item.quantity as item_quantity, 
		item.local_curency_amount as item_local_currency_amount, item.exchange_rate 
		as item_exchange_rate, si.shipment_id, si.shipment_item_id, si.item_id, si.cost 
		from item join shipment_item si on item.item_id = si.item_id </select> -->
	<select id="findMany" resultMap="shipmentItem">
		select item.item_id as
		item_item_id,
		item.description as item_description,
		item.purchase_date
		as item_purchase_date,
		item.store as item_store,
		item.city as item_city,
		item.quantity as item_quantity,
		item.local_currency_amount as
		item_local_currency_amount,
		item.exchange_rate as exchange_rate,
		si.shipment_id,
		si.shipment_item_id,
		si.item_id,
		si.cost
		from item
		join
		shipment_item si on item.item_id = si.item_id
		and si.shipment_id =
		#{shipmentId}


	</select>
	<delete id="deleteOneItem">
		delete from item where item_id = #{id}
	</delete>
	<resultMap type="com.example.model.Item" id="item">
		<id column="item_id" property="itemId" />
		<result column="description" property="description" />
		<result column="purchase_date" property="purchaseDate" />
		<result column="store" property="store" />
		<result column="city" property="city" />
		<result column="quantity" property="quantity" />
		<result column="local_currency_amount"
			property="localCurrencyAmount" />
		<result column="exchange_rate" property="exchangeRate" />
	</resultMap>
	<resultMap type="com.example.model.ShipmentItem"
		id="shipmentItem">
		<id column="shipment_id" property="shipmentId" />
		<id column="shipment_item_id" property="shipmentItemId" />
		<result column="item_id" property="itemId" />
		<result column="cost" property="cost" />
		<association property="item" resultMap="item"
			columnPrefix="item_"></association>
	</resultMap>
	<select id="findManyShipment" resultType="Shipment">
		select * from Shipment
	</select>

</mapper>