<?xml version="1.0" encoding="UTF-8"?>
<!DOCTYPE mapper PUBLIC "-//mybatis.org//DTD Mapper 3.0//EN"
"http://mybatis.org/dtd/mybatis-3-mapper.dtd">
<mapper namespace="com.example.repository.UserMapper">
	<insert id="insertOne">
		insert into m_user(user_id, password,
		user_name,birthday, age,
		gender,department_id,role)
		values (#{userId},
		#{password}, #{userName}, #{birthday},
		#{age}, #{gender},
		#{departmentId}, #{role})
	</insert>
	<select id="findMany" resultType="MUser">
		select user_id, password,
		user_name, birthday
		, age, gender,
		department_id, role
		from m_user
		<where>
			<if test="userId !=null">
				user_id like '%' || #{userId } || '%'
			</if>
			<if test="userName !=null">
				and user_name like '%' || #{userName} ||'%'
			</if>
		</where>
	</select>
	<!--Mapping definition (user) -->
	<resultMap type="com.example.domain.user.model.MUser"
		id="user">
		<id column="user_id" property="userId" />
		<result column="password" property="password" />
		<result column="user_name" property="userName" />
		<result column="birthday" property="birthday" />
		<result column="age" property="age" />
		<result column="gender" property="gender" />
		<result column="department_id" property="departmentId" />
		<result column="role" property="role" />
		<association property="department" resultMap="department"></association>
		<association property="salaryList" resultMap="salary"
			columnPrefix="salary_"></association>

	</resultMap>
	
	<!--Mapping definition (department) -->
	<resultMap type="com.example.domain.user.model.Department"
		id="department">
		<id column="department_id" property="departmentId" />
		<id column="department_name" property="departmentName" />
	</resultMap>
	<!--Mapping definition (salary) -->
	<resultMap type="com.example.domain.user.model.Salary"
		id="salary">
		<id column="user_id" property="userId" />
		<id column="year_month" property="yearMonth" />
		<result column="salary" property="salary" />
	</resultMap>
	<!-- Get user(1 record) -->
	<!-- <select id="findOne" resultMap="user"> select user_id, password, user_name, 
		birthday, age, gender, department_id, role from m_user where user_id = #{userId} 
		</select> -->

	<!-- <select id="findOne" resultMap="user"> select * from m_user left join 
		m_department on m_user.department_id=m_department.department_id where user_id 
		= #{userId} </select> -->

	<select id="findOne" resultMap="user">
		select
			m_user.user_id,
			m_user.password,
			m_user.user_name,
			m_user.birthday,
			m_user.age,
			m_user.gender,
			m_department.department_id,
			m_department.department_name,
			t_salary.user_id as salary_user_id,
			t_salary.year_month as salary_year_month,
			t_salary.salary as salary_salary
		from 
			m_user
			left join m_department
			on m_user.department_id = m_department.department_id
			left join t_salary
			on m_user.user_id = t_salary.user_id
			where
			m_user.user_id = #{userId}
	</select>



	<!-- Update user -->
	<update id="updateOne">
		update m_user
		set
		password = #{password} ,
		user_name =
		#{userName}
		where user_id = #{userId}
	</update>
	<update id="updateOne_v2">
		update m_user
		set password=#{user.password},
		user_name=#{user.userName}
		where user_id=#{user.userIds}

	</update>
	<!-- Delete user -->
	<delete id="deleteOne">
		delete from m_user
		where user_id = #{userId}
	</delete>
<!-- Get login user information -->
<select id ='findLoginUser' resultType ='MUser' >
select *
from m_user
where user_id = #{userId}
</select>


</mapper>