<?xml version="1.0" encoding="UTF-8"?>
<!DOCTYPE mapper PUBLIC "-//mybatis.org//DTD Mapper 3.0//EN" "http://mybatis.org/dtd/mybatis-3-mapper.dtd">
<mapper namespace="com.example.respository.PhoneBookMapper">
	<resultMap type="com.example.model.PhoneBook" id="phone">
		<id column="id" property="id" />
		<result column="first_name" property="firstName"></result>
		<result column="last_name" property="lastName"></result>
		<result column="phone_number" property="phoneNumber"></result>
	</resultMap>
	<select id="getAllPhoneBook" resultType="PhoneBook">
		select id, first_name,
		last_name,phone_number from phone_book
	</select>
	<select id="getPhoneBookByCriceria" resultType="PhoneBook">
		select id, first_name,
		last_name,phone_number from phone_book
		where first_name like
		'%' || #{search} || '%'
		or last_name like '%' || #{search} || '%'
	</select>


	<insert id="addPhoneBook">
		insert into phone_book ( first_name,
		last_name,phone_number)
		values (#{firstName},#{lastName},#{phoneNumber})
	</insert>
	<update id="updatePhoneBook">
		update phone_book
		set
		first_name = #{update.firstName} ,
		last_name = #{update.lastName},
		phone_number=#{update.phoneNumber}
		where id = #{update.id}
	</update>
	<delete id="deletePhoneBook">
		delete from phone_book
		where id = #{delete}
	</delete>
	<select id="findPhoneBookById" resultMap="phone">
		select id, first_name,
		last_name,phone_number from phone_book where id=#{id}
	</select>
</mapper>